Cluster,Recency,Frequency,Monetary,AvgPurchaseValue,TotalItems,UniqueProducts,AvgItemsPerPurchase,Count,Percentage
0,91.50369003690037,4.2732933579335795,1998.5589953874537,382.1318066389227,1156.0424354243542,61.52859778597786,227.1391329803967,4336,99.95389580451821
1,162.5,1.5,122828.05,80709.925,77606.0,2.0,57356.75,2,0.04610419548178884
