Feature,Importance
PurchaseCount,0.34214848912130286
DaysSincePrevPurchase,0.1641974084889397
PrevTotalPrice,0.13513625876321525
PrevQuantity,0.12515367355397444
PrevUniqueProducts,0.10197295525482257
Month,0.0776304318130197
DayOfWeek,0.04748701034478747
IsWeekend,0.006273772659938048
